Bayer Name,Common Name,Apparent V Mag,Distance,Absolute V Mag,Color,Near/Bright
N/A,Sun,-26.74,4.87E-06,4.82,0.63,Both
Alpha CMa,Sirius,-1.46,2.64,1.43,0,Both
Alpha Car,Canopus,-0.74,94.79,-5.62,0.15,Bright
Alpha Cen,Rigil Kentaurus & Toliman,-0.27,1.35,4.08,0.5,Both
Alpha Boo,Arcturus,-0.05,11.26,-0.31,1.23,Bright
Alpha Lyr,Vega,0.03,7.68,0.6,0,Both
Alpha Aur,Capella,0.08,13.12,-0.51,0.8,Bright
Beta Ori,Rigel,0.13,264.55,-6.98,-0.03,Bright
Alpha Cmi,Procyon,0.37,3.51,2.64,0.42,Both
Alpha Eri,Achernar,0.46,42.75,-2.69,-0.16,Bright
Alpha Ori,Betelgeuse,0.42,152.67,-5.5,1.85,Bright
Beta Cen,Hadar,0.58,120.19,-4.82,-0.23,Bright
Alpha Aql,Altair,0.76,5.13,2.21,0.22,Both
Alpha Cru,Acrux,0.76,98.72,-4.21,-0.26,Bright
Alpha Tau,Aldebaran,0.86,20.43,-0.69,1.54,Bright
Alpha Sco,Antares,0.91,169.78,-5.24,1.84,Bright
Alpha Vir,Spica,0.97,76.57,-3.45,-0.23,Bright
Beta Gem,Pollux,1.14,10.36,1.06,1,Bright
Alpha PsA,Fomalhaut,1.16,7.7,1.73,0.09,Both
Alpha Cyg,Deneb,1.25,432.9,-6.93,0.09,Bright
Beta Cru,Mimosa,1.25,85.4,-3.41,-0.23,Bright
Alpha Leo,Regulus,1.4,24.31,-0.53,-0.16,Bright
Epsilon Cma,Adhara,1.5,124.22,-3.97,-0.21,Bright
Lambda Sco,Shaula,1.62,175.13,-4.6,-0.14,Bright
Alpha Gem,Castor,1.58,15.6,0.61,0.04,Bright
Gamma Cru,Gacrux,1.64,27.15,-0.53,1.59,Bright
Gamma Ori,Bellatrix,1.64,77.4,-2.8,-0.22,Bright
Beta Tau,Elnath,1.65,41.05,-1.42,-0.13,Bright
Beta Car,Miaplacidus,1.69,34.7,-1.01,0,Bright
Epsilon Ori,Alnilam,1.69,606.06,-7.22,-0.18,Bright
Gamma Vel,Regor,1.83,342.47,-5.84,-0.25,Bright
Alpha Gru,Alnair,1.71,30.97,-0.74,-0.13,Bright
Epsilon Uma,Alioth,1.77,25.31,-0.25,-0.02,Bright
Zeta Ori A,Alnitak,1.77,225.73,-5,-0.21,Bright
Alpha Uma,Dubhe,1.79,33.85,-0.86,1.07,Bright
Alpha Per,Mirfak,1.79,155.28,-4.17,0.48,Bright
Delta Cma,Wezen,1.84,492.61,-6.62,0.68,Bright
Theta Sco,Sargas,1.85,92.08,-2.97,0.44,Bright
Epsilon Sgr,Kaus Australis,1.85,43.94,-1.36,-0.03,Bright
Epsilon Car,Avior,1.86,185.53,-4.48,1.27,Bright
Eta Uma,Alkaid,1.86,31.87,-0.66,-0.19,Bright
Beta Aur,Menkalinan,1.9,24.87,-0.08,0.03,Bright
Alpha Tra,Atria,1.92,119.76,-3.47,1.44,Bright
Gamma Gem,Alhena,1.92,33.51,-0.71,0,Bright
Alpha Pav,Peacock,1.92,54.82,-1.77,-0.13,Bright
Delta Vel,Alsephina,1.95,24.7,-0.01,0.05,Bright
Beta Cma,Mirzam,1.97,151.06,-3.93,-0.24,Bright
Alpha Hya,Alphard,1.97,55.28,-1.72,1.45,Bright
Alpha Umi,Polaris,2.02,132.63,-3.59,0.6,Bright
Alpha Ari,Hamal,2.01,20.18,0.49,1.16,Bright
Gamma Leo,Algieba,2.37,39.89,-0.63,1.42,Bright
Beta Cet,Diphda,2.01,29.53,-0.34,1.01,Bright
Zeta Uma,Mizar,2.04,26.31,-0.06,0.02,Bright
Sigma Sgr,Nunki,2.07,69.83,-2.15,-0.15,Bright
Theta Cen,Menkent,2.05,18.03,0.77,0.99,Bright
Beta And,Mirach,2.05,60.53,-1.86,1.57,Bright
Alpha And,Alpheratz,2.06,29.74,-0.31,-0.11,Bright
Alpha Oph,Rasalhague,2.07,14.9,1.2,0.15,Bright
Beta Umi,Kochab,2.08,40.14,-0.94,1.47,Bright
Kappa Ori,Saiph,2.06,198.41,-4.43,-0.18,Bright
Beta Leo,Denebola,2.13,11,1.92,0.09,Bright
Beta Per,Algol,2.12,27.57,-0.08,-0.05,Bright
Beta Gru,Tiaki,2.11,54.26,-1.56,1.62,Bright
Gamma Cen,Muhlifain,2.17,39.9,-0.84,-0.01,Bright
Iota Car,Aspidiske,2.26,234.74,-4.59,0.18,Bright
Lambda Vel,Suhail,2.21,166.94,-3.9,1.65,Bright
Alpha Crb,Alphecca,2.24,23.01,0.43,-0.02,Bright
Delta Ori,Mintaka,2.41,212.31,-4.22,-0.39,Bright
Gamma Cyg,Sadr,2.23,561.8,-6.52,0.67,Bright
Gamma Dra,Eltanin,2.23,47.3,-1.14,1.53,Bright
Alpha Cas,Schedar,2.23,69.98,-1.99,1.17,Bright
Zeta Pup,Naos,2.25,332.23,-5.36,-0.27,Bright
Gamma And,Almach,2.1,120.48,-3.3,1.2,Bright
Beta Cas,Caph,2.27,16.78,1.15,0.34,Bright
Epsilon Boo,Izar,2.39,62.11,-1.58,0.97,Bright
Alpha Lup,,2.29,142.45,-3.48,-0.16,Bright
Epsilon Cen,,2.3,131.06,-3.29,-0.22,Bright
Delta Sco,Dschubba,2.32,150.6,-3.57,-0.12,Bright
Epsilon Sco,Larawag,2.29,19.54,0.84,1.16,Bright
Eta Cen,,2.31,93.72,-2.55,-0.19,Bright
Beta Uma,Merak,2.37,24.45,0.43,-0.02,Bright
Alpha Phe,Ankaa,2.37,25.97,0.3,1.08,Bright
Kappa Sco,Girtab,2.39,148.15,-3.46,-0.18,Bright
Epsilon Peg,Enif,2.39,211.42,-4.24,1.52,Bright
Beta Peg,Scheat,2.42,60.1,-1.47,1.67,Bright
Eta Oph,Sabik,2.42,27.09,0.26,0.05,Bright
Gamma Uma,Phecda,2.44,25.5,0.41,0.01,Bright
Eta Cma,Aludra,2.45,609.76,-6.48,-0.08,Bright
Kappa Vel,Markeb,2.47,175.44,-3.75,-0.15,Bright
Gamma Cas,Navi,2.39,187.97,-3.98,-0.1,Bright
Alpha Peg,Markab,2.48,40.88,-0.58,-0.04,Bright
Epsilon Cyg,Aljanah,2.48,22.29,0.74,1.04,Bright
Beta Sco,Acrab,2.5,123.92,-2.97,-0.08,Bright
V645 Centauri,Proxima Centauri,11.13,1.3,15.56,1.82,Near
,Barnard's Star,9.51,1.83,13.2,1.73,Near
CN Leonis,Wolf 359,13.51,2.42,16.59,2.03,Near
Lalande 21185,,7.52,2.55,10.49,1.44,Near
,Sirius B,8.44,2.65,11.32,-0.03,Near
Luyten 726-8,,12.08,2.67,14.95,1.85,Near
V1216 Sagittarii,Ross 154,10.43,2.98,13.06,1.76,Near
HH Andromedae,Ross 248,12.23,3.16,14.73,1.92,Near
Epsilon Eri,Ran,3.73,3.22,6.19,0.88,Both
Gliese 887,Lacaille 9352,7.34,3.29,9.76,1.48,Near
FI Virginis,Ross 128,11.15,3.37,13.51,1.76,Near
EZ Aquarii,,12.38,3.41,14.72,1.95,Near
61 Cygni A,,5.21,3.5,7.49,1.18,Both
61 Cygni B,,6.03,3.49,8.31,1.37,Both
,Procyon B,10.92,3.5,13.2,-0.22,Near
Struve 2398 A,,8.94,3.53,11.2,1.53,Near
Struve 2398 B,,9.71,3.53,11.97,1.59,Near
Groombridge 34 A,,8.12,3.56,10.36,1.56,Near
Groombridge 34 B,,11,3.56,13.24,1.8,Near
DX Cancri,,14.81,3.58,17.04,2.08,Near
Tau Ceti,,3.5,3.65,5.69,0.72,Both
Epsilon Indi,,4.69,3.64,6.89,1.06,Both
Gliese 1061,,13.07,3.67,15.24,1.91,Near
YZ Ceti,,12.07,3.71,14.22,1.82,Near
Luyten's Star,,9.87,3.8,11.97,1.57,Near
Teegarden's Star,,15.4,3.83,17.48,1.81,Near
Kapteyn's Star,,8.85,3.93,10.88,1.58,Near
Lacaille 8760,,6.68,3.97,8.69,1.41,Near
Kruger 60 A,,9.59,4.04,11.56,1.65,Near
Kruger 60 B,,11.4,4.04,13.37,1.8,Near
Ross 614,,11.07,4.12,13,1.69,Near
Wolf 1061,,10.07,4.31,11.9,1.57,Near
Wolf 424,,12.47,4.39,14.26,1.84,Near
Van Maanen's Star,,12.37,4.32,14.19,0.55,Near
Gliese 1,,8.56,4.35,10.37,1.46,Near
TZ Arietis,,12.3,4.47,14.05,1.8,Near
Gliese 674,,9.41,4.55,11.12,1.56,Near
Gliese 687,,9.15,4.55,10.86,1.5,Near
LHS 292,,15.78,4.56,17.48,2.1,Near
Gliese 440,,11.51,4.64,13.18,0.22,Near
Gliese 1245 A,,13.13,4.69,14.77,2.18,Near
Gliese 1245 B,,13.99,4.66,15.65,1.98,Near
Gliese 1245 C,,16.75,4.69,18.39,2.18,Near
Gliese 876,,10.19,4.68,11.84,1.56,Near
LHS 288,,13.92,4.84,15.5,1.82,Near
Gliese 1002,,13.84,4.85,15.41,1.97,Near
Groombridge 1618,,6.61,4.87,8.17,1.33,Near
Gliese 412 A,,8.68,4.85,10.25,1.59,Near
Gliese 412 B,,14.45,4.9,16,2,Near
Gliese 832,,8.67,4.97,10.19,1.51,Near
AD Leonis,,9.52,4.97,11.04,1.3,Near
Gliese 1005,,11.48,4.99,12.99,1.71,Near
40 Eridani A,,4.43,4.98,5.94,0.82,Both
40 Eridani B,,9.52,4.98,11.05,0.03,Near
40 Eridani C,,11.17,4.98,12.68,1.67,Near
Gliese 682,,10.95,5.01,12.45,1.64,Near
EV Lacertae,,10.26,5.05,11.74,1.59,Near
70 Ophiuchi,,4.03,5.08,5.5,0.86,Both
EI Cancri,,13.72,5.26,15.11,1.86,Near
GJ 3379,,11.31,5.21,12.73,1.66,Near
Gliese 445,,10.8,5.26,12.2,1.94,Near
LHS 1723,,12.2,5.38,13.55,1.72,Near
Wolf 498,,8.5,5.44,9.82,1.39,Near
Stein 2051 A,,10.98,5.54,12.26,1.65,Near
Stein 2051 B,,11.19,5.52,12.48,0.31,Near
Wolf 294,,10.11,5.59,11.38,1.36,Near
LP 816-60,,11.46,5.61,12.71,1.57,Near
Wolf 1453,,7.97,5.7,9.19,1.47,Near
Sigma Draconis,,4.68,5.75,5.88,0.78,Both
Gliese 229,,8.13,5.76,9.33,1.48,Near
Ross 47,,11.51,5.79,12.7,1.62,Near
Gliese 570 A,,5.72,5.88,6.87,1.11,Both
Gliese 570 B,,8.07,5.93,9.21,1.49,Near
Gliese 693,,10.78,5.89,11.93,1.64,Near
Gliese 908,,8.99,5.9,10.13,1.44,Near
Gliese 754,,12.23,5.91,13.37,1.7,Near
Gliese 752 A,,9.12,5.91,10.26,1.51,Near
Gliese 752 B,,17.3,5.92,18.44,2.12,Near
Gliese 588,,9.31,5.92,10.45,1.51,Near
Eta Cas A,,3.44,5.95,4.57,0.58,Both
Eta Cas B,,7.51,5.93,8.65,1.39,Near
GJ 1005,,11.48,4.99,12.99,1.71,Near
36 Ophiuchi A,,5.08,5.96,6.2,0.85,Both
36 Ophiuchi B,,5.03,5.96,6.15,0.85,Both
36 Ophiuchi C,,6.34,5.95,7.47,1.16,Both
YZ Canis Minoris,,11.23,5.99,12.34,1.6,Near
HR 7703,,5.32,6.02,6.42,0.12,Both
82 Eridani,,4.27,6.04,5.36,0.71,Both
Gliese 268,,11.52,6.07,12.6,1.74,Near
Delta Pavonis,,3.56,6.11,4.63,0.76,Both
Gliese 784,,7.97,6.16,9.02,1.45,Near
G 240-72,,14.15,6.21,15.18,0.4,Near
Gliese 555,,11.32,6.25,12.34,1.6,Near
EQ Pegasi,,10.17,6.18,11.21,1.58,Near
Gliese 581,,10.56,6.3,11.56,1.2,Near
ADS 7251,,7.64,6.33,8.63,1.41,Near
LHS 2090,,16.1,6.38,17.08,1.2,Near
HD 155876,,9.52,5.98,10.64,0.73,Near
LP 944-20,,18.69,6.42,19.65,1.48,Near
HN Librae,,11.32,6.25,12.34,1.6,Near
LHS 337,,12.74,6.67,13.62,1.69,Near
Gliese 661,,9.52,5.98,10.64,0.73,Near
LP 658-2,,14.45,6.44,15.41,1.04,Near
V1054 Ophiuchi,,9.02,6.2,10.06,1.57,Near
GJ 1128,,12.78,6.5,13.71,1.73,Near
Gliese 625,,10.07,6.47,11.01,1.71,Near
GL Virginis,,13.9,6.47,14.84,1.78,Near
HR 8832,,5.57,6.53,6.49,0.99,Both
Ross 104,,10.02,6.75,10.87,1.56,Near
Xi Bootis,,4.59,6.71,5.46,0.78,Both
Gliese 829,,10.3,6.77,11.15,1.63,Near
Gliese 299,,12.83,6.87,13.64,1.77,Near
EE Leonis,,11.68,6.97,12.46,1.64,Near
G 41-14,,10.98,6.77,11.83,1.64,Near
Gliese 880,,8.64,6.87,9.46,1.5,Near
GJ 1068,,13.58,7.11,14.32,1.93,Near
L 369-44,,12.65,7,13.42,1.69,Near
Gliese 393,,9.65,7.03,10.41,1.5,Near
Gliese 667,,5.89,6.84,6.72,1.04,Both
Gliese 105,,5.82,7.73,6.38,0.98,Both
SCR J0740-4257,,13.84,8,14.33,1.66,Near
GJ 1286,,14.69,7.18,15.41,1.91,Near
GJ 4274,,13.3,7.24,14,1.79,Near
GJ 3991,,13.67,7.43,14.32,-0.21,Near
HD 4628,,5.74,7.43,6.38,0.9,Both
Beta Hydri,,2.79,7.46,3.43,0.62,Both
VX Arietis,,10.56,7.68,11.13,1.58,Near
107 Piscium,,5.24,7.61,5.83,0.84,Both
Mu Cas,,5.17,7.55,5.78,0.69,Both
Gliese 514,,9.03,7.62,9.62,1.49,Near
Gliese 673,,7.56,7.71,8.12,1.31,Near
LHS 1070,,15.34,7.56,15.95,1.84,Near
Gliese 701,,9.36,7.73,9.92,1.52,Near
Gliese 480.1,,12.24,8.05,12.71,1.73,Near
AN Sextantis,,9.26,7.7,9.83,1.5,Near
Gliese 54,,9.82,8.23,10.24,1.55,Near
Gliese 1224,,13.48,7.96,13.97,1.96,Near
L 97-12,,14.09,8.17,14.53,0.66,Near
BB Capricornus,,12.01,7.46,12.65,1.66,Near
Gliese 300,,12.13,8.12,12.58,1.68,Near
G 99-47,,14.13,8,14.61,0.64,Near
Gliese 257,,10.85,8.01,11.33,1.69,Near
Chi Draconis,,3.58,8.06,4.05,0.49,Both
Pi3 Ori,,3.19,8.07,3.66,0.44,Both
Gliese 1289,,12.67,8.35,13.06,1.6,Near
Gliese 686,,9.58,8.16,10.02,1.53,Near
p Eri A,,5.69,8.19,6.12,0.86,Both
p Eri B,,5.8,8.19,6.23,0.89,Both
Gliese 884,,7.87,8.23,8.29,1.38,Near
WD 2359-434,,13.05,8.34,13.45,0.07,Near
Gliese 1230,,12.4,7.35,13.07,1.71,Near
TYC 3980-1081-1,,10.64,8.13,11.09,1.24,Near
Gliese 1105,,13.91,8.84,14.18,-0.24,Near
Mu Her,,3.42,8.31,3.82,0.75,Both
Gliese 747,,11.26,8.32,11.66,1.71,Near
Gliese 618,,10.6,7.69,11.17,1.57,Near
Xi Uma,,3.79,8.83,4.06,0.59,Both
Gliese 486,,11.4,8.08,11.86,1.56,Near
Beta Cvn,,4.25,8.44,4.62,0.61,Both
L 173-19,,12.9,8.21,13.33,0.57,Near
Gliese 1276,,15.66,8.54,16,1.87,Near
CD Ceti,,14,8.61,14.33,1.61,Near
61 Vir,,4.74,8.56,5.08,0.7,Both
Gliese 3454,,13.24,8.58,13.57,1.75,Near
Gliese 185,,8.32,8.38,8.7,1.45,Near
Zeta Tuc,,4.23,8.59,4.56,0.57,Both
Gliese 877,,10.38,8.59,10.71,1.49,Near
SCR J2049-4012,,13.53,9.51,13.64,1.76,Near
Chi1 Ori,,4.4,8.66,4.71,0.6,Both
Gliese 1207,,12.25,8.69,12.55,1.67,Near
HR 1614,,6.21,8.85,6.48,1.06,Both
Gliese 1256,,13.41,9.53,13.51,1.72,Near
SCR J0630-7643,,14.82,8.76,15.11,1.77,Near
Gliese 450,,9.8,8.76,10.09,1.5,Near
Gliese 318,,11.85,8.52,12.2,0.22,Near
Gliese 849,,10.37,8.8,10.65,1.5,Near
Gliese 465,,11.27,8.87,11.53,1.59,Near
HR 7722,,5.72,8.8,6,0.91,Both
Gliese 2066,,10.09,8.94,10.33,1.54,Near
Gamma Lep,,3.6,8.93,3.85,0.47,Both
FK/FL Aquarii,,9.08,8.9,9.33,1.52,Near
LHS 1126,,14.6,9.1,14.8,0.65,Near
Delta Eri,,3.54,9.04,3.76,0.92,Both
Groombridge 1830,,6.45,9.18,6.63,0.75,Both
Gliese 3801,,13.9,9.19,14.08,0.48,Near
Gliese 433,,9.81,9.07,10.02,1.51,Near
Beta Com,,4.25,9.13,4.45,0.59,Both
Kappa1 Cet,,4.85,9.14,5.05,0.67,Both
Gliese 849,,10.37,8.8,10.65,1.5,Near
Gliese 3855,,17.88,9.97,17.89,1.82,Near
R136a1,,12.77,49970,-5.72,0.01,Luminous
R136a2,,13.38,49970,-5.11,-0.29,Luminous
BAT99-98,,13.5,50600,-5.02,-0.1,Luminous
Eta Carinae A,,6.21,2300,-5.6,0.82,Bright
R136a3,,12.93,49970,-5.56,-0.1,Luminous
R136c,,12.86,49970,-5.63,0.09,Luminous
Melnick 42,,10.96,49970,-7.53,0.12,Luminous
VFTS 682,,16.08,50000,-2.41,0.58,Luminous
WR 42e,,14.53,6002.4,0.64,1.52,Luminous
R99,,11.52,24937.66,-5.46,0.25,Luminous
WR 24,,6.48,4170.14,-6.62,-0.05,Bright
HD 97950 B,,11.33,7600,-3.07,1.01,Luminous
Melnick 34 A,,13.1,8960.57,-1.66,0.25,Luminous
HD 97950 A1a,,11.8,7600,-2.6,1.14,Luminous
WR 25 A,,8.8,2099.52,-2.81,-0.25,Luminous
WR 93,,10.68,1867.06,-0.68,1.42,Luminous
HD 5980 A,,11.31,16447.37,-4.77,-0.18,Luminous
HD 97950 C1,,11.89,7600,-2.51,1.05,Luminous
Var 83,,16.03,900000,-8.74,0.06,Luminous
HD 296810,,10.3,81.76,5.74,0.68,Luminous
WR 89,,11.02,3728.56,-1.84,1.46,Luminous
WR 147S,,13.73,630,4.73,4.06,Luminous
Hen 3-519,,10.85,23923.44,-6.04,0.79,Luminous
Sher 18,,14.92,6900,0.73,0.47,Luminous
Sher 47,,12.67,6900,-1.52,1.04,Luminous
WR 87,,11.83,3623.19,-0.97,1.44,Luminous
WR 140 B,,6.85,1719.69,-4.33,0.4,Luminous
WR 148 A,,10.3,8280,-4.29,0.57,Luminous
HD 97950 A2,,12.53,7600,-1.87,0.98,Luminous
HM 1-6,,11.64,2182.93,-0.06,1.54,Luminous
NGC 346-W1,,12.57,64377.68,-6.47,-0.2,Luminous
HD 93129 Aa,,7.31,3093.1,-5.14,0.17,Luminous
AB8 A,,12.9,34602.08,-4.8,-0.15,Luminous
WR 66,,11.34,197.63,4.86,0.85,Luminous
S Doradus,,10.25,136986.3,-10.43,0.14,Luminous
HD 37974,,10.99,4545.45,-2.3,0.13,Luminous
WR 131,,12.08,11918.95,-3.3,0.97,Luminous
AB7 A,,13.02,61000,-5.91,-0.07,Luminous
HD 50064,,8.3,8305.65,-6.3,0.76,Luminous
R139 A,,11.94,49970,-6.55,0.1,Luminous
Trumpler 27-27,,13.31,2574,1.26,2.16,Luminous
LH 10-3061,,13.49,49970,-5,0.11,Luminous
BI 253,,13.67,49970,-4.82,-0.02,Luminous
WR 20a A,,13.5,8103.73,-1.04,1.97,Luminous
HD 93205 A,,7.75,2688.89,-4.4,0.05,Luminous
WR 158,,11.28,6439.15,-2.76,0.7,Luminous
HD 303308,,8.17,2456.4,-3.78,0.13,Luminous
HD 93403 A,,8.27,3200,-4.26,0.19,Luminous
HD 229059,,8.7,1660.85,-2.4,1.53,Luminous
HD 97950 E,,13.08,7600,-1.32,0.82,Luminous
HD 93250 A,,7.5,2754.06,-4.7,0.62,Luminous
WR 156,,11.01,4784.69,-2.39,1.17,Luminous
Zeta1 Scorpii,,4.79,1402.33,-5.94,0.52,Bright
WR 78,,6.51,1302.25,-4.06,0.28,Bright
Lambda Cephei,,5.05,617.32,-3.9,0.24,Bright
Alpha Camelopardalis,,4.29,1923.08,-7.13,0.05,Bright
P Cygni,,4.82,3125,-7.65,0.42,Bright
WR 79a,,5.77,2242.66,-5.98,0.15,Bright
Mu Normae,,4.94,1282.05,-5.6,0.05,Bright
Kappa Cassiopeiae,,4.16,1369.86,-6.52,0.14,Bright
Tau Canis Majoris,,4.89,917.43,-4.92,-0.15,Bright
Xi Persei,,4.06,381.68,-3.85,0.02,Bright
Theta Muscae A1,,5.53,2781.64,-6.69,-0.03,Bright
Omicron2 Canis Majoris,,3.02,847.46,-6.62,-0.08,Bright
Theta1 Orionis C1,,5.13,369.47,-2.71,0.02,Bright
Kappa Crucis,,5.94,2307.34,-5.88,0.18,Bright
Lambda Orionis A,,3.47,271.07,-3.7,0.01,Bright
Theta2 Orionis A,,6.39,451.41,-1.88,-0.09,Bright
Iota Orionis Aa1,,2.77,714.29,-6.5,-0.24,Bright
Upsilon Orionis,,4.63,877.19,-5.09,-0.27,Bright
Sigma Cygni,,4.24,884.96,-5.49,0.13,Bright
Zeta Persei,,2.85,230.41,-3.96,0.12,Bright
Mu Columbae,,5.18,465.64,-3.16,-0.28,Bright
Sigma Orionis Aa,,3.79,328.95,-3.8,-0.21,Bright
Epsilon Persei A,,2.89,195.69,-3.57,-0.18,Bright
Theta Carinae A,,2.76,139.66,-2.97,-0.22,Bright
Lambda Tauri A,,3.41,148.37,-2.45,-0.12,Bright
Rho Ophiuchi A,,4.63,110.74,-0.59,0.22,Bright
Delta Persei,,3.01,158.23,-2.99,-0.12,Bright
Eta Tauri A,,2.87,123.61,-2.59,-0.09,Bright
Omicron Velorum,,3.63,151.29,-2.27,-0.19,Bright
Psi Persei,,4.23,178.89,-2.03,-0.06,Bright
Gamma Canis Majoris,,4.12,135.5,-1.54,-0.12,Bright
Omicron Aquarii,,4.69,133.51,-0.94,-0.05,Bright
Phi Eridani,,3.57,47.13,0.2,-0.12,Bright
Nu Fornacis,,4.69,113.77,-0.59,-0.17,Bright
Eta Chamaeleontis,,5.45,99.56,0.46,-0.1,Bright
Epsilon Hydri,,4.1,46.55,0.76,-0.05,Bright
Tau1 Aquarii,,5.68,108.87,0.5,-0.03,Bright
Beta1 Tucanae,,4.29,41.41,1.2,-0.04,Bright